<application>
  <component name="ProjectJdkTable">
    <jdk version="2">
      <name value="default" />
      <type value="JavaSDK" />
      <version value="Eclipse Temurin 22.0.2" />
      <homePath value="/usr/lib/jvm/default" />
      <roots>
        <annotationsPath>
          <root type="composite">
            <root url="jar://$APPLICATION_HOME_DIR$/plugins/java/lib/resources/jdkAnnotations.jar!/" type="simple" />
          </root>
        </annotationsPath>
        <classPath>
          <root type="composite">
            <root url="jrt:///usr/lib/jvm/default!/java.base" type="simple" />
            <root url="jrt:///usr/lib/jvm/default!/java.compiler" type="simple" />
            <root url="jrt:///usr/lib/jvm/default!/java.datatransfer" type="simple" />
            <root url="jrt:///usr/lib/jvm/default!/java.desktop" type="simple" />
            <root url="jrt:///usr/lib/jvm/default!/java.instrument" type="simple" />
            <root url="jrt:///usr/lib/jvm/default!/java.logging" type="simple" />
            <root url="jrt:///usr/lib/jvm/default!/java.management" type="simple" />
            <root url="jrt:///usr/lib/jvm/default!/java.management.rmi" type="simple" />
            <root url="jrt:///usr/lib/jvm/default!/java.naming" type="simple" />
            <root url="jrt:///usr/lib/jvm/default!/java.net.http" type="simple" />
            <root url="jrt:///usr/lib/jvm/default!/java.prefs" type="simple" />
            <root url="jrt:///usr/lib/jvm/default!/java.rmi" type="simple" />
            <root url="jrt:///usr/lib/jvm/default!/java.scripting" type="simple" />
            <root url="jrt:///usr/lib/jvm/default!/java.se" type="simple" />
            <root url="jrt:///usr/lib/jvm/default!/java.security.jgss" type="simple" />
            <root url="jrt:///usr/lib/jvm/default!/java.security.sasl" type="simple" />
            <root url="jrt:///usr/lib/jvm/default!/java.smartcardio" type="simple" />
            <root url="jrt:///usr/lib/jvm/default!/java.sql" type="simple" />
            <root url="jrt:///usr/lib/jvm/default!/java.sql.rowset" type="simple" />
            <root url="jrt:///usr/lib/jvm/default!/java.transaction.xa" type="simple" />
            <root url="jrt:///usr/lib/jvm/default!/java.xml" type="simple" />
            <root url="jrt:///usr/lib/jvm/default!/java.xml.crypto" type="simple" />
            <root url="jrt:///usr/lib/jvm/default!/jdk.accessibility" type="simple" />
            <root url="jrt:///usr/lib/jvm/default!/jdk.attach" type="simple" />
            <root url="jrt:///usr/lib/jvm/default!/jdk.charsets" type="simple" />
            <root url="jrt:///usr/lib/jvm/default!/jdk.compiler" type="simple" />
            <root url="jrt:///usr/lib/jvm/default!/jdk.crypto.cryptoki" type="simple" />
            <root url="jrt:///usr/lib/jvm/default!/jdk.crypto.ec" type="simple" />
            <root url="jrt:///usr/lib/jvm/default!/jdk.dynalink" type="simple" />
            <root url="jrt:///usr/lib/jvm/default!/jdk.editpad" type="simple" />
            <root url="jrt:///usr/lib/jvm/default!/jdk.graal.compiler" type="simple" />
            <root url="jrt:///usr/lib/jvm/default!/jdk.graal.compiler.management" type="simple" />
            <root url="jrt:///usr/lib/jvm/default!/jdk.hotspot.agent" type="simple" />
            <root url="jrt:///usr/lib/jvm/default!/jdk.httpserver" type="simple" />
            <root url="jrt:///usr/lib/jvm/default!/jdk.incubator.vector" type="simple" />
            <root url="jrt:///usr/lib/jvm/default!/jdk.internal.ed" type="simple" />
            <root url="jrt:///usr/lib/jvm/default!/jdk.internal.jvmstat" type="simple" />
            <root url="jrt:///usr/lib/jvm/default!/jdk.internal.le" type="simple" />
            <root url="jrt:///usr/lib/jvm/default!/jdk.internal.opt" type="simple" />
            <root url="jrt:///usr/lib/jvm/default!/jdk.internal.vm.ci" type="simple" />
            <root url="jrt:///usr/lib/jvm/default!/jdk.jartool" type="simple" />
            <root url="jrt:///usr/lib/jvm/default!/jdk.javadoc" type="simple" />
            <root url="jrt:///usr/lib/jvm/default!/jdk.jcmd" type="simple" />
            <root url="jrt:///usr/lib/jvm/default!/jdk.jconsole" type="simple" />
            <root url="jrt:///usr/lib/jvm/default!/jdk.jdeps" type="simple" />
            <root url="jrt:///usr/lib/jvm/default!/jdk.jdi" type="simple" />
            <root url="jrt:///usr/lib/jvm/default!/jdk.jdwp.agent" type="simple" />
            <root url="jrt:///usr/lib/jvm/default!/jdk.jfr" type="simple" />
            <root url="jrt:///usr/lib/jvm/default!/jdk.jlink" type="simple" />
            <root url="jrt:///usr/lib/jvm/default!/jdk.jpackage" type="simple" />
            <root url="jrt:///usr/lib/jvm/default!/jdk.jshell" type="simple" />
            <root url="jrt:///usr/lib/jvm/default!/jdk.jsobject" type="simple" />
            <root url="jrt:///usr/lib/jvm/default!/jdk.jstatd" type="simple" />
            <root url="jrt:///usr/lib/jvm/default!/jdk.localedata" type="simple" />
            <root url="jrt:///usr/lib/jvm/default!/jdk.management" type="simple" />
            <root url="jrt:///usr/lib/jvm/default!/jdk.management.agent" type="simple" />
            <root url="jrt:///usr/lib/jvm/default!/jdk.management.jfr" type="simple" />
            <root url="jrt:///usr/lib/jvm/default!/jdk.naming.dns" type="simple" />
            <root url="jrt:///usr/lib/jvm/default!/jdk.naming.rmi" type="simple" />
            <root url="jrt:///usr/lib/jvm/default!/jdk.net" type="simple" />
            <root url="jrt:///usr/lib/jvm/default!/jdk.nio.mapmode" type="simple" />
            <root url="jrt:///usr/lib/jvm/default!/jdk.random" type="simple" />
            <root url="jrt:///usr/lib/jvm/default!/jdk.sctp" type="simple" />
            <root url="jrt:///usr/lib/jvm/default!/jdk.security.auth" type="simple" />
            <root url="jrt:///usr/lib/jvm/default!/jdk.security.jgss" type="simple" />
            <root url="jrt:///usr/lib/jvm/default!/jdk.unsupported" type="simple" />
            <root url="jrt:///usr/lib/jvm/default!/jdk.unsupported.desktop" type="simple" />
            <root url="jrt:///usr/lib/jvm/default!/jdk.xml.dom" type="simple" />
            <root url="jrt:///usr/lib/jvm/default!/jdk.zipfs" type="simple" />
          </root>
        </classPath>
        <javadocPath>
          <root type="composite" />
        </javadocPath>
        <sourcePath>
          <root type="composite">
            <root url="jar:///usr/lib/jvm/default/lib/src.zip!/java.se" type="simple" />
            <root url="jar:///usr/lib/jvm/default/lib/src.zip!/jdk.jdi" type="simple" />
            <root url="jar:///usr/lib/jvm/default/lib/src.zip!/jdk.jfr" type="simple" />
            <root url="jar:///usr/lib/jvm/default/lib/src.zip!/jdk.net" type="simple" />
            <root url="jar:///usr/lib/jvm/default/lib/src.zip!/java.rmi" type="simple" />
            <root url="jar:///usr/lib/jvm/default/lib/src.zip!/java.sql" type="simple" />
            <root url="jar:///usr/lib/jvm/default/lib/src.zip!/java.xml" type="simple" />
            <root url="jar:///usr/lib/jvm/default/lib/src.zip!/jdk.jcmd" type="simple" />
            <root url="jar:///usr/lib/jvm/default/lib/src.zip!/jdk.sctp" type="simple" />
            <root url="jar:///usr/lib/jvm/default/lib/src.zip!/java.base" type="simple" />
            <root url="jar:///usr/lib/jvm/default/lib/src.zip!/jdk.jdeps" type="simple" />
            <root url="jar:///usr/lib/jvm/default/lib/src.zip!/jdk.jlink" type="simple" />
            <root url="jar:///usr/lib/jvm/default/lib/src.zip!/jdk.zipfs" type="simple" />
            <root url="jar:///usr/lib/jvm/default/lib/src.zip!/java.prefs" type="simple" />
            <root url="jar:///usr/lib/jvm/default/lib/src.zip!/jdk.attach" type="simple" />
            <root url="jar:///usr/lib/jvm/default/lib/src.zip!/jdk.jshell" type="simple" />
            <root url="jar:///usr/lib/jvm/default/lib/src.zip!/jdk.jstatd" type="simple" />
            <root url="jar:///usr/lib/jvm/default/lib/src.zip!/jdk.random" type="simple" />
            <root url="jar:///usr/lib/jvm/default/lib/src.zip!/java.naming" type="simple" />
            <root url="jar:///usr/lib/jvm/default/lib/src.zip!/jdk.editpad" type="simple" />
            <root url="jar:///usr/lib/jvm/default/lib/src.zip!/jdk.jartool" type="simple" />
            <root url="jar:///usr/lib/jvm/default/lib/src.zip!/jdk.javadoc" type="simple" />
            <root url="jar:///usr/lib/jvm/default/lib/src.zip!/jdk.xml.dom" type="simple" />
            <root url="jar:///usr/lib/jvm/default/lib/src.zip!/java.desktop" type="simple" />
            <root url="jar:///usr/lib/jvm/default/lib/src.zip!/java.logging" type="simple" />
            <root url="jar:///usr/lib/jvm/default/lib/src.zip!/jdk.charsets" type="simple" />
            <root url="jar:///usr/lib/jvm/default/lib/src.zip!/jdk.compiler" type="simple" />
            <root url="jar:///usr/lib/jvm/default/lib/src.zip!/jdk.dynalink" type="simple" />
            <root url="jar:///usr/lib/jvm/default/lib/src.zip!/jdk.jconsole" type="simple" />
            <root url="jar:///usr/lib/jvm/default/lib/src.zip!/jdk.jpackage" type="simple" />
            <root url="jar:///usr/lib/jvm/default/lib/src.zip!/jdk.jsobject" type="simple" />
            <root url="jar:///usr/lib/jvm/default/lib/src.zip!/java.compiler" type="simple" />
            <root url="jar:///usr/lib/jvm/default/lib/src.zip!/java.net.http" type="simple" />
            <root url="jar:///usr/lib/jvm/default/lib/src.zip!/jdk.crypto.ec" type="simple" />
            <root url="jar:///usr/lib/jvm/default/lib/src.zip!/java.scripting" type="simple" />
            <root url="jar:///usr/lib/jvm/default/lib/src.zip!/jdk.httpserver" type="simple" />
            <root url="jar:///usr/lib/jvm/default/lib/src.zip!/jdk.jdwp.agent" type="simple" />
            <root url="jar:///usr/lib/jvm/default/lib/src.zip!/jdk.localedata" type="simple" />
            <root url="jar:///usr/lib/jvm/default/lib/src.zip!/jdk.management" type="simple" />
            <root url="jar:///usr/lib/jvm/default/lib/src.zip!/jdk.naming.dns" type="simple" />
            <root url="jar:///usr/lib/jvm/default/lib/src.zip!/jdk.naming.rmi" type="simple" />
            <root url="jar:///usr/lib/jvm/default/lib/src.zip!/java.instrument" type="simple" />
            <root url="jar:///usr/lib/jvm/default/lib/src.zip!/java.management" type="simple" />
            <root url="jar:///usr/lib/jvm/default/lib/src.zip!/java.sql.rowset" type="simple" />
            <root url="jar:///usr/lib/jvm/default/lib/src.zip!/java.xml.crypto" type="simple" />
            <root url="jar:///usr/lib/jvm/default/lib/src.zip!/jdk.internal.ed" type="simple" />
            <root url="jar:///usr/lib/jvm/default/lib/src.zip!/jdk.internal.le" type="simple" />
            <root url="jar:///usr/lib/jvm/default/lib/src.zip!/jdk.nio.mapmode" type="simple" />
            <root url="jar:///usr/lib/jvm/default/lib/src.zip!/jdk.unsupported" type="simple" />
            <root url="jar:///usr/lib/jvm/default/lib/src.zip!/java.smartcardio" type="simple" />
            <root url="jar:///usr/lib/jvm/default/lib/src.zip!/jdk.internal.opt" type="simple" />
            <root url="jar:///usr/lib/jvm/default/lib/src.zip!/java.datatransfer" type="simple" />
            <root url="jar:///usr/lib/jvm/default/lib/src.zip!/jdk.accessibility" type="simple" />
            <root url="jar:///usr/lib/jvm/default/lib/src.zip!/jdk.hotspot.agent" type="simple" />
            <root url="jar:///usr/lib/jvm/default/lib/src.zip!/jdk.security.auth" type="simple" />
            <root url="jar:///usr/lib/jvm/default/lib/src.zip!/jdk.security.jgss" type="simple" />
            <root url="jar:///usr/lib/jvm/default/lib/src.zip!/java.security.jgss" type="simple" />
            <root url="jar:///usr/lib/jvm/default/lib/src.zip!/java.security.sasl" type="simple" />
            <root url="jar:///usr/lib/jvm/default/lib/src.zip!/jdk.graal.compiler" type="simple" />
            <root url="jar:///usr/lib/jvm/default/lib/src.zip!/jdk.internal.vm.ci" type="simple" />
            <root url="jar:///usr/lib/jvm/default/lib/src.zip!/jdk.management.jfr" type="simple" />
            <root url="jar:///usr/lib/jvm/default/lib/src.zip!/java.management.rmi" type="simple" />
            <root url="jar:///usr/lib/jvm/default/lib/src.zip!/java.transaction.xa" type="simple" />
            <root url="jar:///usr/lib/jvm/default/lib/src.zip!/jdk.crypto.cryptoki" type="simple" />
            <root url="jar:///usr/lib/jvm/default/lib/src.zip!/jdk.incubator.vector" type="simple" />
            <root url="jar:///usr/lib/jvm/default/lib/src.zip!/jdk.internal.jvmstat" type="simple" />
            <root url="jar:///usr/lib/jvm/default/lib/src.zip!/jdk.management.agent" type="simple" />
            <root url="jar:///usr/lib/jvm/default/lib/src.zip!/jdk.unsupported.desktop" type="simple" />
            <root url="jar:///usr/lib/jvm/default/lib/src.zip!/jdk.graal.compiler.management" type="simple" />
          </root>
        </sourcePath>
      </roots>
    </jdk>
    <jdk version="2">
      <name value="openjdk - 21" />
      <type value="JavaSDK" />
      <version value="java version &quot;21.0.3&quot;" />
      <homePath value="/usr/lib/jvm/java-21-openjdk" />
      <roots>
        <annotationsPath>
          <root type="composite">
            <root url="jar://$APPLICATION_HOME_DIR$/plugins/java/lib/resources/jdkAnnotations.jar!/" type="simple" />
          </root>
        </annotationsPath>
        <classPath>
          <root type="composite">
            <root url="jrt:///usr/lib/jvm/java-21-openjdk!/java.base" type="simple" />
            <root url="jrt:///usr/lib/jvm/java-21-openjdk!/java.compiler" type="simple" />
            <root url="jrt:///usr/lib/jvm/java-21-openjdk!/java.datatransfer" type="simple" />
            <root url="jrt:///usr/lib/jvm/java-21-openjdk!/java.desktop" type="simple" />
            <root url="jrt:///usr/lib/jvm/java-21-openjdk!/java.instrument" type="simple" />
            <root url="jrt:///usr/lib/jvm/java-21-openjdk!/java.logging" type="simple" />
            <root url="jrt:///usr/lib/jvm/java-21-openjdk!/java.management" type="simple" />
            <root url="jrt:///usr/lib/jvm/java-21-openjdk!/java.management.rmi" type="simple" />
            <root url="jrt:///usr/lib/jvm/java-21-openjdk!/java.naming" type="simple" />
            <root url="jrt:///usr/lib/jvm/java-21-openjdk!/java.net.http" type="simple" />
            <root url="jrt:///usr/lib/jvm/java-21-openjdk!/java.prefs" type="simple" />
            <root url="jrt:///usr/lib/jvm/java-21-openjdk!/java.rmi" type="simple" />
            <root url="jrt:///usr/lib/jvm/java-21-openjdk!/java.scripting" type="simple" />
            <root url="jrt:///usr/lib/jvm/java-21-openjdk!/java.se" type="simple" />
            <root url="jrt:///usr/lib/jvm/java-21-openjdk!/java.security.jgss" type="simple" />
            <root url="jrt:///usr/lib/jvm/java-21-openjdk!/java.security.sasl" type="simple" />
            <root url="jrt:///usr/lib/jvm/java-21-openjdk!/java.smartcardio" type="simple" />
            <root url="jrt:///usr/lib/jvm/java-21-openjdk!/java.sql" type="simple" />
            <root url="jrt:///usr/lib/jvm/java-21-openjdk!/java.sql.rowset" type="simple" />
            <root url="jrt:///usr/lib/jvm/java-21-openjdk!/java.transaction.xa" type="simple" />
            <root url="jrt:///usr/lib/jvm/java-21-openjdk!/java.xml" type="simple" />
            <root url="jrt:///usr/lib/jvm/java-21-openjdk!/java.xml.crypto" type="simple" />
            <root url="jrt:///usr/lib/jvm/java-21-openjdk!/jdk.accessibility" type="simple" />
            <root url="jrt:///usr/lib/jvm/java-21-openjdk!/jdk.attach" type="simple" />
            <root url="jrt:///usr/lib/jvm/java-21-openjdk!/jdk.charsets" type="simple" />
            <root url="jrt:///usr/lib/jvm/java-21-openjdk!/jdk.compiler" type="simple" />
            <root url="jrt:///usr/lib/jvm/java-21-openjdk!/jdk.crypto.cryptoki" type="simple" />
            <root url="jrt:///usr/lib/jvm/java-21-openjdk!/jdk.crypto.ec" type="simple" />
            <root url="jrt:///usr/lib/jvm/java-21-openjdk!/jdk.dynalink" type="simple" />
            <root url="jrt:///usr/lib/jvm/java-21-openjdk!/jdk.editpad" type="simple" />
            <root url="jrt:///usr/lib/jvm/java-21-openjdk!/jdk.hotspot.agent" type="simple" />
            <root url="jrt:///usr/lib/jvm/java-21-openjdk!/jdk.httpserver" type="simple" />
            <root url="jrt:///usr/lib/jvm/java-21-openjdk!/jdk.incubator.vector" type="simple" />
            <root url="jrt:///usr/lib/jvm/java-21-openjdk!/jdk.internal.ed" type="simple" />
            <root url="jrt:///usr/lib/jvm/java-21-openjdk!/jdk.internal.jvmstat" type="simple" />
            <root url="jrt:///usr/lib/jvm/java-21-openjdk!/jdk.internal.le" type="simple" />
            <root url="jrt:///usr/lib/jvm/java-21-openjdk!/jdk.internal.opt" type="simple" />
            <root url="jrt:///usr/lib/jvm/java-21-openjdk!/jdk.internal.vm.ci" type="simple" />
            <root url="jrt:///usr/lib/jvm/java-21-openjdk!/jdk.internal.vm.compiler" type="simple" />
            <root url="jrt:///usr/lib/jvm/java-21-openjdk!/jdk.internal.vm.compiler.management" type="simple" />
            <root url="jrt:///usr/lib/jvm/java-21-openjdk!/jdk.jartool" type="simple" />
            <root url="jrt:///usr/lib/jvm/java-21-openjdk!/jdk.javadoc" type="simple" />
            <root url="jrt:///usr/lib/jvm/java-21-openjdk!/jdk.jcmd" type="simple" />
            <root url="jrt:///usr/lib/jvm/java-21-openjdk!/jdk.jconsole" type="simple" />
            <root url="jrt:///usr/lib/jvm/java-21-openjdk!/jdk.jdeps" type="simple" />
            <root url="jrt:///usr/lib/jvm/java-21-openjdk!/jdk.jdi" type="simple" />
            <root url="jrt:///usr/lib/jvm/java-21-openjdk!/jdk.jdwp.agent" type="simple" />
            <root url="jrt:///usr/lib/jvm/java-21-openjdk!/jdk.jfr" type="simple" />
            <root url="jrt:///usr/lib/jvm/java-21-openjdk!/jdk.jlink" type="simple" />
            <root url="jrt:///usr/lib/jvm/java-21-openjdk!/jdk.jpackage" type="simple" />
            <root url="jrt:///usr/lib/jvm/java-21-openjdk!/jdk.jshell" type="simple" />
            <root url="jrt:///usr/lib/jvm/java-21-openjdk!/jdk.jsobject" type="simple" />
            <root url="jrt:///usr/lib/jvm/java-21-openjdk!/jdk.jstatd" type="simple" />
            <root url="jrt:///usr/lib/jvm/java-21-openjdk!/jdk.localedata" type="simple" />
            <root url="jrt:///usr/lib/jvm/java-21-openjdk!/jdk.management" type="simple" />
            <root url="jrt:///usr/lib/jvm/java-21-openjdk!/jdk.management.agent" type="simple" />
            <root url="jrt:///usr/lib/jvm/java-21-openjdk!/jdk.management.jfr" type="simple" />
            <root url="jrt:///usr/lib/jvm/java-21-openjdk!/jdk.naming.dns" type="simple" />
            <root url="jrt:///usr/lib/jvm/java-21-openjdk!/jdk.naming.rmi" type="simple" />
            <root url="jrt:///usr/lib/jvm/java-21-openjdk!/jdk.net" type="simple" />
            <root url="jrt:///usr/lib/jvm/java-21-openjdk!/jdk.nio.mapmode" type="simple" />
            <root url="jrt:///usr/lib/jvm/java-21-openjdk!/jdk.random" type="simple" />
            <root url="jrt:///usr/lib/jvm/java-21-openjdk!/jdk.sctp" type="simple" />
            <root url="jrt:///usr/lib/jvm/java-21-openjdk!/jdk.security.auth" type="simple" />
            <root url="jrt:///usr/lib/jvm/java-21-openjdk!/jdk.security.jgss" type="simple" />
            <root url="jrt:///usr/lib/jvm/java-21-openjdk!/jdk.unsupported" type="simple" />
            <root url="jrt:///usr/lib/jvm/java-21-openjdk!/jdk.unsupported.desktop" type="simple" />
            <root url="jrt:///usr/lib/jvm/java-21-openjdk!/jdk.xml.dom" type="simple" />
            <root url="jrt:///usr/lib/jvm/java-21-openjdk!/jdk.zipfs" type="simple" />
          </root>
        </classPath>
        <javadocPath>
          <root type="composite">
            <root url="https://docs.oracle.com/en/java/javase/21/docs/api/" type="simple" />
          </root>
        </javadocPath>
        <sourcePath>
          <root type="composite" />
        </sourcePath>
      </roots>
    </jdk>
    <jdk version="2">
      <name value="temurin-21" />
      <type value="JavaSDK" />
      <version value="Eclipse Temurin 21.0.4" />
      <homePath value="/usr/lib/jvm/java-21-temurin" />
      <roots>
        <annotationsPath>
          <root type="composite">
            <root url="jar://$APPLICATION_HOME_DIR$/plugins/java/lib/resources/jdkAnnotations.jar!/" type="simple" />
          </root>
        </annotationsPath>
        <classPath>
          <root type="composite">
            <root url="jrt:///usr/lib/jvm/java-21-temurin!/java.base" type="simple" />
            <root url="jrt:///usr/lib/jvm/java-21-temurin!/java.compiler" type="simple" />
            <root url="jrt:///usr/lib/jvm/java-21-temurin!/java.datatransfer" type="simple" />
            <root url="jrt:///usr/lib/jvm/java-21-temurin!/java.desktop" type="simple" />
            <root url="jrt:///usr/lib/jvm/java-21-temurin!/java.instrument" type="simple" />
            <root url="jrt:///usr/lib/jvm/java-21-temurin!/java.logging" type="simple" />
            <root url="jrt:///usr/lib/jvm/java-21-temurin!/java.management" type="simple" />
            <root url="jrt:///usr/lib/jvm/java-21-temurin!/java.management.rmi" type="simple" />
            <root url="jrt:///usr/lib/jvm/java-21-temurin!/java.naming" type="simple" />
            <root url="jrt:///usr/lib/jvm/java-21-temurin!/java.net.http" type="simple" />
            <root url="jrt:///usr/lib/jvm/java-21-temurin!/java.prefs" type="simple" />
            <root url="jrt:///usr/lib/jvm/java-21-temurin!/java.rmi" type="simple" />
            <root url="jrt:///usr/lib/jvm/java-21-temurin!/java.scripting" type="simple" />
            <root url="jrt:///usr/lib/jvm/java-21-temurin!/java.se" type="simple" />
            <root url="jrt:///usr/lib/jvm/java-21-temurin!/java.security.jgss" type="simple" />
            <root url="jrt:///usr/lib/jvm/java-21-temurin!/java.security.sasl" type="simple" />
            <root url="jrt:///usr/lib/jvm/java-21-temurin!/java.smartcardio" type="simple" />
            <root url="jrt:///usr/lib/jvm/java-21-temurin!/java.sql" type="simple" />
            <root url="jrt:///usr/lib/jvm/java-21-temurin!/java.sql.rowset" type="simple" />
            <root url="jrt:///usr/lib/jvm/java-21-temurin!/java.transaction.xa" type="simple" />
            <root url="jrt:///usr/lib/jvm/java-21-temurin!/java.xml" type="simple" />
            <root url="jrt:///usr/lib/jvm/java-21-temurin!/java.xml.crypto" type="simple" />
            <root url="jrt:///usr/lib/jvm/java-21-temurin!/jdk.accessibility" type="simple" />
            <root url="jrt:///usr/lib/jvm/java-21-temurin!/jdk.attach" type="simple" />
            <root url="jrt:///usr/lib/jvm/java-21-temurin!/jdk.charsets" type="simple" />
            <root url="jrt:///usr/lib/jvm/java-21-temurin!/jdk.compiler" type="simple" />
            <root url="jrt:///usr/lib/jvm/java-21-temurin!/jdk.crypto.cryptoki" type="simple" />
            <root url="jrt:///usr/lib/jvm/java-21-temurin!/jdk.crypto.ec" type="simple" />
            <root url="jrt:///usr/lib/jvm/java-21-temurin!/jdk.dynalink" type="simple" />
            <root url="jrt:///usr/lib/jvm/java-21-temurin!/jdk.editpad" type="simple" />
            <root url="jrt:///usr/lib/jvm/java-21-temurin!/jdk.hotspot.agent" type="simple" />
            <root url="jrt:///usr/lib/jvm/java-21-temurin!/jdk.httpserver" type="simple" />
            <root url="jrt:///usr/lib/jvm/java-21-temurin!/jdk.incubator.vector" type="simple" />
            <root url="jrt:///usr/lib/jvm/java-21-temurin!/jdk.internal.ed" type="simple" />
            <root url="jrt:///usr/lib/jvm/java-21-temurin!/jdk.internal.jvmstat" type="simple" />
            <root url="jrt:///usr/lib/jvm/java-21-temurin!/jdk.internal.le" type="simple" />
            <root url="jrt:///usr/lib/jvm/java-21-temurin!/jdk.internal.opt" type="simple" />
            <root url="jrt:///usr/lib/jvm/java-21-temurin!/jdk.internal.vm.ci" type="simple" />
            <root url="jrt:///usr/lib/jvm/java-21-temurin!/jdk.internal.vm.compiler" type="simple" />
            <root url="jrt:///usr/lib/jvm/java-21-temurin!/jdk.internal.vm.compiler.management" type="simple" />
            <root url="jrt:///usr/lib/jvm/java-21-temurin!/jdk.jartool" type="simple" />
            <root url="jrt:///usr/lib/jvm/java-21-temurin!/jdk.javadoc" type="simple" />
            <root url="jrt:///usr/lib/jvm/java-21-temurin!/jdk.jcmd" type="simple" />
            <root url="jrt:///usr/lib/jvm/java-21-temurin!/jdk.jconsole" type="simple" />
            <root url="jrt:///usr/lib/jvm/java-21-temurin!/jdk.jdeps" type="simple" />
            <root url="jrt:///usr/lib/jvm/java-21-temurin!/jdk.jdi" type="simple" />
            <root url="jrt:///usr/lib/jvm/java-21-temurin!/jdk.jdwp.agent" type="simple" />
            <root url="jrt:///usr/lib/jvm/java-21-temurin!/jdk.jfr" type="simple" />
            <root url="jrt:///usr/lib/jvm/java-21-temurin!/jdk.jlink" type="simple" />
            <root url="jrt:///usr/lib/jvm/java-21-temurin!/jdk.jpackage" type="simple" />
            <root url="jrt:///usr/lib/jvm/java-21-temurin!/jdk.jshell" type="simple" />
            <root url="jrt:///usr/lib/jvm/java-21-temurin!/jdk.jsobject" type="simple" />
            <root url="jrt:///usr/lib/jvm/java-21-temurin!/jdk.jstatd" type="simple" />
            <root url="jrt:///usr/lib/jvm/java-21-temurin!/jdk.localedata" type="simple" />
            <root url="jrt:///usr/lib/jvm/java-21-temurin!/jdk.management" type="simple" />
            <root url="jrt:///usr/lib/jvm/java-21-temurin!/jdk.management.agent" type="simple" />
            <root url="jrt:///usr/lib/jvm/java-21-temurin!/jdk.management.jfr" type="simple" />
            <root url="jrt:///usr/lib/jvm/java-21-temurin!/jdk.naming.dns" type="simple" />
            <root url="jrt:///usr/lib/jvm/java-21-temurin!/jdk.naming.rmi" type="simple" />
            <root url="jrt:///usr/lib/jvm/java-21-temurin!/jdk.net" type="simple" />
            <root url="jrt:///usr/lib/jvm/java-21-temurin!/jdk.nio.mapmode" type="simple" />
            <root url="jrt:///usr/lib/jvm/java-21-temurin!/jdk.random" type="simple" />
            <root url="jrt:///usr/lib/jvm/java-21-temurin!/jdk.sctp" type="simple" />
            <root url="jrt:///usr/lib/jvm/java-21-temurin!/jdk.security.auth" type="simple" />
            <root url="jrt:///usr/lib/jvm/java-21-temurin!/jdk.security.jgss" type="simple" />
            <root url="jrt:///usr/lib/jvm/java-21-temurin!/jdk.unsupported" type="simple" />
            <root url="jrt:///usr/lib/jvm/java-21-temurin!/jdk.unsupported.desktop" type="simple" />
            <root url="jrt:///usr/lib/jvm/java-21-temurin!/jdk.xml.dom" type="simple" />
            <root url="jrt:///usr/lib/jvm/java-21-temurin!/jdk.zipfs" type="simple" />
          </root>
        </classPath>
        <javadocPath>
          <root type="composite" />
        </javadocPath>
        <sourcePath>
          <root type="composite">
            <root url="jar:///usr/lib/jvm/java-21-temurin/lib/src.zip!/java.se" type="simple" />
            <root url="jar:///usr/lib/jvm/java-21-temurin/lib/src.zip!/jdk.jdi" type="simple" />
            <root url="jar:///usr/lib/jvm/java-21-temurin/lib/src.zip!/jdk.jfr" type="simple" />
            <root url="jar:///usr/lib/jvm/java-21-temurin/lib/src.zip!/jdk.net" type="simple" />
            <root url="jar:///usr/lib/jvm/java-21-temurin/lib/src.zip!/java.rmi" type="simple" />
            <root url="jar:///usr/lib/jvm/java-21-temurin/lib/src.zip!/java.sql" type="simple" />
            <root url="jar:///usr/lib/jvm/java-21-temurin/lib/src.zip!/java.xml" type="simple" />
            <root url="jar:///usr/lib/jvm/java-21-temurin/lib/src.zip!/jdk.jcmd" type="simple" />
            <root url="jar:///usr/lib/jvm/java-21-temurin/lib/src.zip!/jdk.sctp" type="simple" />
            <root url="jar:///usr/lib/jvm/java-21-temurin/lib/src.zip!/java.base" type="simple" />
            <root url="jar:///usr/lib/jvm/java-21-temurin/lib/src.zip!/jdk.jdeps" type="simple" />
            <root url="jar:///usr/lib/jvm/java-21-temurin/lib/src.zip!/jdk.jlink" type="simple" />
            <root url="jar:///usr/lib/jvm/java-21-temurin/lib/src.zip!/jdk.zipfs" type="simple" />
            <root url="jar:///usr/lib/jvm/java-21-temurin/lib/src.zip!/java.prefs" type="simple" />
            <root url="jar:///usr/lib/jvm/java-21-temurin/lib/src.zip!/jdk.attach" type="simple" />
            <root url="jar:///usr/lib/jvm/java-21-temurin/lib/src.zip!/jdk.jshell" type="simple" />
            <root url="jar:///usr/lib/jvm/java-21-temurin/lib/src.zip!/jdk.jstatd" type="simple" />
            <root url="jar:///usr/lib/jvm/java-21-temurin/lib/src.zip!/jdk.random" type="simple" />
            <root url="jar:///usr/lib/jvm/java-21-temurin/lib/src.zip!/java.naming" type="simple" />
            <root url="jar:///usr/lib/jvm/java-21-temurin/lib/src.zip!/jdk.editpad" type="simple" />
            <root url="jar:///usr/lib/jvm/java-21-temurin/lib/src.zip!/jdk.jartool" type="simple" />
            <root url="jar:///usr/lib/jvm/java-21-temurin/lib/src.zip!/jdk.javadoc" type="simple" />
            <root url="jar:///usr/lib/jvm/java-21-temurin/lib/src.zip!/jdk.xml.dom" type="simple" />
            <root url="jar:///usr/lib/jvm/java-21-temurin/lib/src.zip!/java.desktop" type="simple" />
            <root url="jar:///usr/lib/jvm/java-21-temurin/lib/src.zip!/java.logging" type="simple" />
            <root url="jar:///usr/lib/jvm/java-21-temurin/lib/src.zip!/jdk.charsets" type="simple" />
            <root url="jar:///usr/lib/jvm/java-21-temurin/lib/src.zip!/jdk.compiler" type="simple" />
            <root url="jar:///usr/lib/jvm/java-21-temurin/lib/src.zip!/jdk.dynalink" type="simple" />
            <root url="jar:///usr/lib/jvm/java-21-temurin/lib/src.zip!/jdk.jconsole" type="simple" />
            <root url="jar:///usr/lib/jvm/java-21-temurin/lib/src.zip!/jdk.jpackage" type="simple" />
            <root url="jar:///usr/lib/jvm/java-21-temurin/lib/src.zip!/jdk.jsobject" type="simple" />
            <root url="jar:///usr/lib/jvm/java-21-temurin/lib/src.zip!/java.compiler" type="simple" />
            <root url="jar:///usr/lib/jvm/java-21-temurin/lib/src.zip!/java.net.http" type="simple" />
            <root url="jar:///usr/lib/jvm/java-21-temurin/lib/src.zip!/jdk.crypto.ec" type="simple" />
            <root url="jar:///usr/lib/jvm/java-21-temurin/lib/src.zip!/java.scripting" type="simple" />
            <root url="jar:///usr/lib/jvm/java-21-temurin/lib/src.zip!/jdk.httpserver" type="simple" />
            <root url="jar:///usr/lib/jvm/java-21-temurin/lib/src.zip!/jdk.jdwp.agent" type="simple" />
            <root url="jar:///usr/lib/jvm/java-21-temurin/lib/src.zip!/jdk.localedata" type="simple" />
            <root url="jar:///usr/lib/jvm/java-21-temurin/lib/src.zip!/jdk.management" type="simple" />
            <root url="jar:///usr/lib/jvm/java-21-temurin/lib/src.zip!/jdk.naming.dns" type="simple" />
            <root url="jar:///usr/lib/jvm/java-21-temurin/lib/src.zip!/jdk.naming.rmi" type="simple" />
            <root url="jar:///usr/lib/jvm/java-21-temurin/lib/src.zip!/java.instrument" type="simple" />
            <root url="jar:///usr/lib/jvm/java-21-temurin/lib/src.zip!/java.management" type="simple" />
            <root url="jar:///usr/lib/jvm/java-21-temurin/lib/src.zip!/java.sql.rowset" type="simple" />
            <root url="jar:///usr/lib/jvm/java-21-temurin/lib/src.zip!/java.xml.crypto" type="simple" />
            <root url="jar:///usr/lib/jvm/java-21-temurin/lib/src.zip!/jdk.internal.ed" type="simple" />
            <root url="jar:///usr/lib/jvm/java-21-temurin/lib/src.zip!/jdk.internal.le" type="simple" />
            <root url="jar:///usr/lib/jvm/java-21-temurin/lib/src.zip!/jdk.nio.mapmode" type="simple" />
            <root url="jar:///usr/lib/jvm/java-21-temurin/lib/src.zip!/jdk.unsupported" type="simple" />
            <root url="jar:///usr/lib/jvm/java-21-temurin/lib/src.zip!/java.smartcardio" type="simple" />
            <root url="jar:///usr/lib/jvm/java-21-temurin/lib/src.zip!/jdk.internal.opt" type="simple" />
            <root url="jar:///usr/lib/jvm/java-21-temurin/lib/src.zip!/java.datatransfer" type="simple" />
            <root url="jar:///usr/lib/jvm/java-21-temurin/lib/src.zip!/jdk.accessibility" type="simple" />
            <root url="jar:///usr/lib/jvm/java-21-temurin/lib/src.zip!/jdk.hotspot.agent" type="simple" />
            <root url="jar:///usr/lib/jvm/java-21-temurin/lib/src.zip!/jdk.security.auth" type="simple" />
            <root url="jar:///usr/lib/jvm/java-21-temurin/lib/src.zip!/jdk.security.jgss" type="simple" />
            <root url="jar:///usr/lib/jvm/java-21-temurin/lib/src.zip!/java.security.jgss" type="simple" />
            <root url="jar:///usr/lib/jvm/java-21-temurin/lib/src.zip!/java.security.sasl" type="simple" />
            <root url="jar:///usr/lib/jvm/java-21-temurin/lib/src.zip!/jdk.internal.vm.ci" type="simple" />
            <root url="jar:///usr/lib/jvm/java-21-temurin/lib/src.zip!/jdk.management.jfr" type="simple" />
            <root url="jar:///usr/lib/jvm/java-21-temurin/lib/src.zip!/java.management.rmi" type="simple" />
            <root url="jar:///usr/lib/jvm/java-21-temurin/lib/src.zip!/java.transaction.xa" type="simple" />
            <root url="jar:///usr/lib/jvm/java-21-temurin/lib/src.zip!/jdk.crypto.cryptoki" type="simple" />
            <root url="jar:///usr/lib/jvm/java-21-temurin/lib/src.zip!/jdk.incubator.vector" type="simple" />
            <root url="jar:///usr/lib/jvm/java-21-temurin/lib/src.zip!/jdk.internal.jvmstat" type="simple" />
            <root url="jar:///usr/lib/jvm/java-21-temurin/lib/src.zip!/jdk.management.agent" type="simple" />
            <root url="jar:///usr/lib/jvm/java-21-temurin/lib/src.zip!/jdk.unsupported.desktop" type="simple" />
            <root url="jar:///usr/lib/jvm/java-21-temurin/lib/src.zip!/jdk.internal.vm.compiler" type="simple" />
            <root url="jar:///usr/lib/jvm/java-21-temurin/lib/src.zip!/jdk.internal.vm.compiler.management" type="simple" />
          </root>
        </sourcePath>
      </roots>
    </jdk>
    <jdk version="2">
      <name value="21" />
      <type value="JavaSDK" />
      <version value="java version &quot;21.0.3&quot;" />
      <homePath value="/usr/lib/jvm/java-21-openjdk" />
      <roots>
        <annotationsPath>
          <root type="composite">
            <root url="jar://$APPLICATION_HOME_DIR$/plugins/java/lib/resources/jdkAnnotations.jar!/" type="simple" />
          </root>
        </annotationsPath>
        <classPath>
          <root type="composite">
            <root url="jrt:///usr/lib/jvm/java-21-openjdk!/java.base" type="simple" />
            <root url="jrt:///usr/lib/jvm/java-21-openjdk!/java.compiler" type="simple" />
            <root url="jrt:///usr/lib/jvm/java-21-openjdk!/java.datatransfer" type="simple" />
            <root url="jrt:///usr/lib/jvm/java-21-openjdk!/java.desktop" type="simple" />
            <root url="jrt:///usr/lib/jvm/java-21-openjdk!/java.instrument" type="simple" />
            <root url="jrt:///usr/lib/jvm/java-21-openjdk!/java.logging" type="simple" />
            <root url="jrt:///usr/lib/jvm/java-21-openjdk!/java.management" type="simple" />
            <root url="jrt:///usr/lib/jvm/java-21-openjdk!/java.management.rmi" type="simple" />
            <root url="jrt:///usr/lib/jvm/java-21-openjdk!/java.naming" type="simple" />
            <root url="jrt:///usr/lib/jvm/java-21-openjdk!/java.net.http" type="simple" />
            <root url="jrt:///usr/lib/jvm/java-21-openjdk!/java.prefs" type="simple" />
            <root url="jrt:///usr/lib/jvm/java-21-openjdk!/java.rmi" type="simple" />
            <root url="jrt:///usr/lib/jvm/java-21-openjdk!/java.scripting" type="simple" />
            <root url="jrt:///usr/lib/jvm/java-21-openjdk!/java.se" type="simple" />
            <root url="jrt:///usr/lib/jvm/java-21-openjdk!/java.security.jgss" type="simple" />
            <root url="jrt:///usr/lib/jvm/java-21-openjdk!/java.security.sasl" type="simple" />
            <root url="jrt:///usr/lib/jvm/java-21-openjdk!/java.smartcardio" type="simple" />
            <root url="jrt:///usr/lib/jvm/java-21-openjdk!/java.sql" type="simple" />
            <root url="jrt:///usr/lib/jvm/java-21-openjdk!/java.sql.rowset" type="simple" />
            <root url="jrt:///usr/lib/jvm/java-21-openjdk!/java.transaction.xa" type="simple" />
            <root url="jrt:///usr/lib/jvm/java-21-openjdk!/java.xml" type="simple" />
            <root url="jrt:///usr/lib/jvm/java-21-openjdk!/java.xml.crypto" type="simple" />
            <root url="jrt:///usr/lib/jvm/java-21-openjdk!/jdk.accessibility" type="simple" />
            <root url="jrt:///usr/lib/jvm/java-21-openjdk!/jdk.attach" type="simple" />
            <root url="jrt:///usr/lib/jvm/java-21-openjdk!/jdk.charsets" type="simple" />
            <root url="jrt:///usr/lib/jvm/java-21-openjdk!/jdk.compiler" type="simple" />
            <root url="jrt:///usr/lib/jvm/java-21-openjdk!/jdk.crypto.cryptoki" type="simple" />
            <root url="jrt:///usr/lib/jvm/java-21-openjdk!/jdk.crypto.ec" type="simple" />
            <root url="jrt:///usr/lib/jvm/java-21-openjdk!/jdk.dynalink" type="simple" />
            <root url="jrt:///usr/lib/jvm/java-21-openjdk!/jdk.editpad" type="simple" />
            <root url="jrt:///usr/lib/jvm/java-21-openjdk!/jdk.hotspot.agent" type="simple" />
            <root url="jrt:///usr/lib/jvm/java-21-openjdk!/jdk.httpserver" type="simple" />
            <root url="jrt:///usr/lib/jvm/java-21-openjdk!/jdk.incubator.vector" type="simple" />
            <root url="jrt:///usr/lib/jvm/java-21-openjdk!/jdk.internal.ed" type="simple" />
            <root url="jrt:///usr/lib/jvm/java-21-openjdk!/jdk.internal.jvmstat" type="simple" />
            <root url="jrt:///usr/lib/jvm/java-21-openjdk!/jdk.internal.le" type="simple" />
            <root url="jrt:///usr/lib/jvm/java-21-openjdk!/jdk.internal.opt" type="simple" />
            <root url="jrt:///usr/lib/jvm/java-21-openjdk!/jdk.internal.vm.ci" type="simple" />
            <root url="jrt:///usr/lib/jvm/java-21-openjdk!/jdk.internal.vm.compiler" type="simple" />
            <root url="jrt:///usr/lib/jvm/java-21-openjdk!/jdk.internal.vm.compiler.management" type="simple" />
            <root url="jrt:///usr/lib/jvm/java-21-openjdk!/jdk.jartool" type="simple" />
            <root url="jrt:///usr/lib/jvm/java-21-openjdk!/jdk.javadoc" type="simple" />
            <root url="jrt:///usr/lib/jvm/java-21-openjdk!/jdk.jcmd" type="simple" />
            <root url="jrt:///usr/lib/jvm/java-21-openjdk!/jdk.jconsole" type="simple" />
            <root url="jrt:///usr/lib/jvm/java-21-openjdk!/jdk.jdeps" type="simple" />
            <root url="jrt:///usr/lib/jvm/java-21-openjdk!/jdk.jdi" type="simple" />
            <root url="jrt:///usr/lib/jvm/java-21-openjdk!/jdk.jdwp.agent" type="simple" />
            <root url="jrt:///usr/lib/jvm/java-21-openjdk!/jdk.jfr" type="simple" />
            <root url="jrt:///usr/lib/jvm/java-21-openjdk!/jdk.jlink" type="simple" />
            <root url="jrt:///usr/lib/jvm/java-21-openjdk!/jdk.jpackage" type="simple" />
            <root url="jrt:///usr/lib/jvm/java-21-openjdk!/jdk.jshell" type="simple" />
            <root url="jrt:///usr/lib/jvm/java-21-openjdk!/jdk.jsobject" type="simple" />
            <root url="jrt:///usr/lib/jvm/java-21-openjdk!/jdk.jstatd" type="simple" />
            <root url="jrt:///usr/lib/jvm/java-21-openjdk!/jdk.localedata" type="simple" />
            <root url="jrt:///usr/lib/jvm/java-21-openjdk!/jdk.management" type="simple" />
            <root url="jrt:///usr/lib/jvm/java-21-openjdk!/jdk.management.agent" type="simple" />
            <root url="jrt:///usr/lib/jvm/java-21-openjdk!/jdk.management.jfr" type="simple" />
            <root url="jrt:///usr/lib/jvm/java-21-openjdk!/jdk.naming.dns" type="simple" />
            <root url="jrt:///usr/lib/jvm/java-21-openjdk!/jdk.naming.rmi" type="simple" />
            <root url="jrt:///usr/lib/jvm/java-21-openjdk!/jdk.net" type="simple" />
            <root url="jrt:///usr/lib/jvm/java-21-openjdk!/jdk.nio.mapmode" type="simple" />
            <root url="jrt:///usr/lib/jvm/java-21-openjdk!/jdk.random" type="simple" />
            <root url="jrt:///usr/lib/jvm/java-21-openjdk!/jdk.sctp" type="simple" />
            <root url="jrt:///usr/lib/jvm/java-21-openjdk!/jdk.security.auth" type="simple" />
            <root url="jrt:///usr/lib/jvm/java-21-openjdk!/jdk.security.jgss" type="simple" />
            <root url="jrt:///usr/lib/jvm/java-21-openjdk!/jdk.unsupported" type="simple" />
            <root url="jrt:///usr/lib/jvm/java-21-openjdk!/jdk.unsupported.desktop" type="simple" />
            <root url="jrt:///usr/lib/jvm/java-21-openjdk!/jdk.xml.dom" type="simple" />
            <root url="jrt:///usr/lib/jvm/java-21-openjdk!/jdk.zipfs" type="simple" />
          </root>
        </classPath>
        <javadocPath>
          <root type="composite">
            <root url="https://docs.oracle.com/en/java/javase/21/docs/api/" type="simple" />
          </root>
        </javadocPath>
        <sourcePath>
          <root type="composite" />
        </sourcePath>
      </roots>
    </jdk>
    <jdk version="2">
      <name value="17" />
      <type value="JavaSDK" />
      <version value="java version &quot;17.0.12&quot;" />
      <homePath value="/usr/lib/jvm/java-17-openjdk" />
      <roots>
        <annotationsPath>
          <root type="composite">
            <root url="jar://$APPLICATION_HOME_DIR$/plugins/java/lib/resources/jdkAnnotations.jar!/" type="simple" />
          </root>
        </annotationsPath>
        <classPath>
          <root type="composite">
            <root url="jrt:///usr/lib/jvm/java-17-openjdk!/java.base" type="simple" />
            <root url="jrt:///usr/lib/jvm/java-17-openjdk!/java.compiler" type="simple" />
            <root url="jrt:///usr/lib/jvm/java-17-openjdk!/java.datatransfer" type="simple" />
            <root url="jrt:///usr/lib/jvm/java-17-openjdk!/java.desktop" type="simple" />
            <root url="jrt:///usr/lib/jvm/java-17-openjdk!/java.instrument" type="simple" />
            <root url="jrt:///usr/lib/jvm/java-17-openjdk!/java.logging" type="simple" />
            <root url="jrt:///usr/lib/jvm/java-17-openjdk!/java.management" type="simple" />
            <root url="jrt:///usr/lib/jvm/java-17-openjdk!/java.management.rmi" type="simple" />
            <root url="jrt:///usr/lib/jvm/java-17-openjdk!/java.naming" type="simple" />
            <root url="jrt:///usr/lib/jvm/java-17-openjdk!/java.net.http" type="simple" />
            <root url="jrt:///usr/lib/jvm/java-17-openjdk!/java.prefs" type="simple" />
            <root url="jrt:///usr/lib/jvm/java-17-openjdk!/java.rmi" type="simple" />
            <root url="jrt:///usr/lib/jvm/java-17-openjdk!/java.scripting" type="simple" />
            <root url="jrt:///usr/lib/jvm/java-17-openjdk!/java.se" type="simple" />
            <root url="jrt:///usr/lib/jvm/java-17-openjdk!/java.security.jgss" type="simple" />
            <root url="jrt:///usr/lib/jvm/java-17-openjdk!/java.security.sasl" type="simple" />
            <root url="jrt:///usr/lib/jvm/java-17-openjdk!/java.smartcardio" type="simple" />
            <root url="jrt:///usr/lib/jvm/java-17-openjdk!/java.sql" type="simple" />
            <root url="jrt:///usr/lib/jvm/java-17-openjdk!/java.sql.rowset" type="simple" />
            <root url="jrt:///usr/lib/jvm/java-17-openjdk!/java.transaction.xa" type="simple" />
            <root url="jrt:///usr/lib/jvm/java-17-openjdk!/java.xml" type="simple" />
            <root url="jrt:///usr/lib/jvm/java-17-openjdk!/java.xml.crypto" type="simple" />
            <root url="jrt:///usr/lib/jvm/java-17-openjdk!/jdk.accessibility" type="simple" />
            <root url="jrt:///usr/lib/jvm/java-17-openjdk!/jdk.attach" type="simple" />
            <root url="jrt:///usr/lib/jvm/java-17-openjdk!/jdk.charsets" type="simple" />
            <root url="jrt:///usr/lib/jvm/java-17-openjdk!/jdk.compiler" type="simple" />
            <root url="jrt:///usr/lib/jvm/java-17-openjdk!/jdk.crypto.cryptoki" type="simple" />
            <root url="jrt:///usr/lib/jvm/java-17-openjdk!/jdk.crypto.ec" type="simple" />
            <root url="jrt:///usr/lib/jvm/java-17-openjdk!/jdk.dynalink" type="simple" />
            <root url="jrt:///usr/lib/jvm/java-17-openjdk!/jdk.editpad" type="simple" />
            <root url="jrt:///usr/lib/jvm/java-17-openjdk!/jdk.hotspot.agent" type="simple" />
            <root url="jrt:///usr/lib/jvm/java-17-openjdk!/jdk.httpserver" type="simple" />
            <root url="jrt:///usr/lib/jvm/java-17-openjdk!/jdk.incubator.foreign" type="simple" />
            <root url="jrt:///usr/lib/jvm/java-17-openjdk!/jdk.incubator.vector" type="simple" />
            <root url="jrt:///usr/lib/jvm/java-17-openjdk!/jdk.internal.ed" type="simple" />
            <root url="jrt:///usr/lib/jvm/java-17-openjdk!/jdk.internal.jvmstat" type="simple" />
            <root url="jrt:///usr/lib/jvm/java-17-openjdk!/jdk.internal.le" type="simple" />
            <root url="jrt:///usr/lib/jvm/java-17-openjdk!/jdk.internal.opt" type="simple" />
            <root url="jrt:///usr/lib/jvm/java-17-openjdk!/jdk.internal.vm.ci" type="simple" />
            <root url="jrt:///usr/lib/jvm/java-17-openjdk!/jdk.internal.vm.compiler" type="simple" />
            <root url="jrt:///usr/lib/jvm/java-17-openjdk!/jdk.internal.vm.compiler.management" type="simple" />
            <root url="jrt:///usr/lib/jvm/java-17-openjdk!/jdk.jartool" type="simple" />
            <root url="jrt:///usr/lib/jvm/java-17-openjdk!/jdk.javadoc" type="simple" />
            <root url="jrt:///usr/lib/jvm/java-17-openjdk!/jdk.jcmd" type="simple" />
            <root url="jrt:///usr/lib/jvm/java-17-openjdk!/jdk.jconsole" type="simple" />
            <root url="jrt:///usr/lib/jvm/java-17-openjdk!/jdk.jdeps" type="simple" />
            <root url="jrt:///usr/lib/jvm/java-17-openjdk!/jdk.jdi" type="simple" />
            <root url="jrt:///usr/lib/jvm/java-17-openjdk!/jdk.jdwp.agent" type="simple" />
            <root url="jrt:///usr/lib/jvm/java-17-openjdk!/jdk.jfr" type="simple" />
            <root url="jrt:///usr/lib/jvm/java-17-openjdk!/jdk.jlink" type="simple" />
            <root url="jrt:///usr/lib/jvm/java-17-openjdk!/jdk.jpackage" type="simple" />
            <root url="jrt:///usr/lib/jvm/java-17-openjdk!/jdk.jshell" type="simple" />
            <root url="jrt:///usr/lib/jvm/java-17-openjdk!/jdk.jsobject" type="simple" />
            <root url="jrt:///usr/lib/jvm/java-17-openjdk!/jdk.jstatd" type="simple" />
            <root url="jrt:///usr/lib/jvm/java-17-openjdk!/jdk.localedata" type="simple" />
            <root url="jrt:///usr/lib/jvm/java-17-openjdk!/jdk.management" type="simple" />
            <root url="jrt:///usr/lib/jvm/java-17-openjdk!/jdk.management.agent" type="simple" />
            <root url="jrt:///usr/lib/jvm/java-17-openjdk!/jdk.management.jfr" type="simple" />
            <root url="jrt:///usr/lib/jvm/java-17-openjdk!/jdk.naming.dns" type="simple" />
            <root url="jrt:///usr/lib/jvm/java-17-openjdk!/jdk.naming.rmi" type="simple" />
            <root url="jrt:///usr/lib/jvm/java-17-openjdk!/jdk.net" type="simple" />
            <root url="jrt:///usr/lib/jvm/java-17-openjdk!/jdk.nio.mapmode" type="simple" />
            <root url="jrt:///usr/lib/jvm/java-17-openjdk!/jdk.random" type="simple" />
            <root url="jrt:///usr/lib/jvm/java-17-openjdk!/jdk.sctp" type="simple" />
            <root url="jrt:///usr/lib/jvm/java-17-openjdk!/jdk.security.auth" type="simple" />
            <root url="jrt:///usr/lib/jvm/java-17-openjdk!/jdk.security.jgss" type="simple" />
            <root url="jrt:///usr/lib/jvm/java-17-openjdk!/jdk.unsupported" type="simple" />
            <root url="jrt:///usr/lib/jvm/java-17-openjdk!/jdk.unsupported.desktop" type="simple" />
            <root url="jrt:///usr/lib/jvm/java-17-openjdk!/jdk.xml.dom" type="simple" />
            <root url="jrt:///usr/lib/jvm/java-17-openjdk!/jdk.zipfs" type="simple" />
          </root>
        </classPath>
        <javadocPath>
          <root type="composite">
            <root url="https://docs.oracle.com/en/java/javase/17/docs/api/" type="simple" />
          </root>
        </javadocPath>
        <sourcePath>
          <root type="composite" />
        </sourcePath>
      </roots>
    </jdk>
  </component>
</application>