<application>
  <component name="Trusted.Paths">
    <option name="TRUSTED_PROJECT_PATHS">
      <map>
        <entry key="/run/media/luca_s/Data-2TB/workspace/Java/BeaconRangeExtender" value="true" />
        <entry key="/run/media/luca_s/Data-2TB/workspace/Java/FanJControl" value="true" />
        <entry key="/run/media/luca_s/Data-2TB/workspace/Java/ForceEditSign" value="true" />
        <entry key="/run/media/luca_s/Data-2TB/workspace/Java/General" value="true" />
        <entry key="/run/media/luca_s/Data-2TB/workspace/Java/LetItRain" value="true" />
        <entry key="/run/media/luca_s/Data-2TB/workspace/Java/discord.eventbot" value="true" />
        <entry key="/run/media/luca_s/Data-2TB/workspace/Java/fabric-seasons" value="true" />
        <entry key="/run/media/luca_s/Data-2TB/workspace/Java/ipchecker" value="true" />
        <entry key="/run/media/luca_s/Data-2TB/workspace/Java/no-icons-mod" value="true" />
        <entry key="/run/media/luca_s/Data-2TB/workspace/Java/particular" value="true" />
        <entry key="/run/media/luca_s/Data-2TB/workspace/Java/untitled" value="true" />
      </map>
    </option>
  </component>
  <component name="Trusted.Paths.Settings">
    <option name="TRUSTED_PATHS">
      <list>
        <option value="/run/media/luca_s/Data-2TB/workspace/Java" />
      </list>
    </option>
  </component>
</application>