<application>
  <component name="DimensionService">
    <location key="find.popup.0.0.2560.1440" x="1044" y="137" />
    <size key="find.popup.0.0.2560.1440" width="672" height="858" />
    <size key="GridCell.Tab.0.left.0.0.2560.1440" width="2478" height="432" />
    <size key="GridCell.Tab.0.center.0.0.2560.1440" width="2478" height="432" />
    <size key="GridCell.Tab.0.right.0.0.2560.1440" width="2478" height="432" />
    <size key="GridCell.Tab.0.bottom.0.0.2560.1440" width="2478" height="432" />
    <size key="GridCell.Tab.1.left.0.0.2560.1440" width="2478" height="433" />
    <size key="GridCell.Tab.1.center.0.0.2560.1440" width="2478" height="433" />
    <size key="GridCell.Tab.1.right.0.0.2560.1440" width="2478" height="433" />
    <size key="GridCell.Tab.1.bottom.0.0.2560.1440" width="2478" height="433" />
  </component>
  <component name="WindowManager">
    <frame x="-5" y="-25" width="2570" height="1470" extendedState="6" />
  </component>
  <component name="WindowStateApplicationService">
    <state x="879" y="222" width="766" height="850" key="FileChooserDialogImpl" timestamp="1721902719124">
      <screen x="0" y="0" width="2560" height="1440" />
    </state>
    <state x="879" y="222" key="FileChooserDialogImpl/0.0.2560.1440/2560.0.2560.1440" timestamp="1721902719124" />
    <state width="781" height="194" key="ShowUsagesActions.dimensionServiceKey" timestamp="1721816659001">
      <screen x="0" y="0" width="2560" height="1440" />
    </state>
    <state width="781" height="194" key="ShowUsagesActions.dimensionServiceKey/0.0.2560.1440/2560.0.2560.1440" timestamp="1721816659001" />
    <state x="1274" y="568" width="803" height="680" key="WELCOME_SCREEN" timestamp="1728404228778">
      <screen x="0" y="0" width="2560" height="1440" />
    </state>
    <state x="1274" y="568" width="803" height="680" key="WELCOME_SCREEN/0.0.2560.1440/2560.0.2560.1440" timestamp="1728404228778" />
    <state x="647" y="238" width="1363" height="1048" key="new project wizard" timestamp="1722529843022">
      <screen x="0" y="0" width="2560" height="1440" />
    </state>
    <state x="647" y="238" width="1363" height="1048" key="new project wizard/0.0.2560.1440/2560.0.2560.1440" timestamp="1722529843022" />
  </component>
</application>