<application>
  <component name="ProjectManager">
    <defaultProject>
      <component name="WindowStateProjectService">
        <state x="-789" y="-1640" width="840" height="688" key="#Run/Debug_Configuration_Templates" timestamp="1698044144124">
          <screen x="-1918" y="-2160" width="3072" height="1728" />
        </state>
        <state x="-789" y="-1640" width="840" height="688" key="#Run/Debug_Configuration_Templates/0.0.1920.1040/1922.-2161.2560.1440/-1918.-2160.3072.1728" timestamp="1698044144124" />
      </component>
    </defaultProject>
  </component>
</application>