<application>
  <component name="KeymapFlagsStorage">
    <option name="keymapToDescriptor">
      <map>
        <entry key="Eclipse - Default+">
          <value>
            <list />
          </value>
        </entry>
        <entry key="Eclipse copy">
          <value>
            <list />
          </value>
        </entry>
        <entry key="KDE Proper Redo">
          <value>
            <list />
          </value>
        </entry>
      </map>
    </option>
  </component>
</application>