<application>
  <component name="ProjectManager">
    <defaultProject>
      <component name="ProjectViewState">
        <option name="autoscrollToSource" value="true" />
        <option name="hideEmptyMiddlePackages" value="true" />
        <option name="openDirectoriesWithSingleClick" value="true" />
        <option name="showLibraryContents" value="true" />
      </component>
      <component name="PropertiesComponent">{}</component>
      <component name="WindowStateProjectService">
        <state x="1058" y="462" width="424" height="482" key="FileChooserDialogImpl" timestamp="1701892041745">
          <screen x="0" y="0" width="2560" height="1410" />
        </state>
        <state x="1058" y="462" width="424" height="482" key="FileChooserDialogImpl/0.0.2560.1410/2560.0.2560.1440" timestamp="1701892041745" />
      </component>
    </defaultProject>
  </component>
</application>