<application>
  <component name="Trusted.Paths">
    <option name="TRUSTED_PROJECT_PATHS">
      <map>
        <entry key="$USER_HOME$/Documents/Ryzen-5800x3d-linux-undervolting" value="true" />
        <entry key="$USER_HOME$/custom_commands" value="true" />
        <entry key="$USER_HOME$/scripts" value="true" />
        <entry key="/run/media/luca_s/Data-2TB/workspace/Python/DiscordRaidPlanner" value="true" />
        <entry key="/run/media/luca_s/Data-2TB/workspace/Python/DiscordRaidPlanner2" value="true" />
        <entry key="/run/media/luca_s/Data-2TB/workspace/Python/FanPyControl" value="true" />
        <entry key="/run/media/luca_s/Data-2TB/workspace/Python/ImmoScout24" value="true" />
        <entry key="/run/media/luca_s/Data-2TB/workspace/Python/KalendarLZK" value="true" />
        <entry key="/run/media/luca_s/Data-2TB/workspace/Python/PAK" value="true" />
        <entry key="/run/media/luca_s/Data-2TB/workspace/Python/Testing" value="true" />
        <entry key="/run/media/luca_s/Data-2TB/workspace/Python/Tests" value="true" />
        <entry key="/run/media/luca_s/Data-2TB/workspace/Python/fabricdw" value="true" />
        <entry key="/run/media/luca_s/Data-2TB/workspace/Python/fabricdw/pythonProject" value="true" />
        <entry key="/run/media/luca_s/Data-2TB/workspace/Python/pickpack" value="true" />
      </map>
    </option>
  </component>
  <component name="Trusted.Paths.Settings">
    <option name="TRUSTED_PATHS">
      <list>
        <option value="/run/media/luca_s/Data-2TB/workspace/Python" />
      </list>
    </option>
  </component>
</application>