<application>
  <component name="DimensionService">
    <location key="find.popup.0.0.2560.1440" x="1022" y="138" />
    <size key="GridCell.Tab.0.left.0.0.1920.1080" width="1838" height="257" />
    <size key="GridCell.Tab.0.center.0.0.1920.1080" width="1838" height="257" />
    <size key="GridCell.Tab.0.right.0.0.1920.1080" width="1838" height="257" />
    <size key="GridCell.Tab.0.bottom.0.0.1920.1080" width="1838" height="257" />
    <size key="GridCell.Tab.1.left.0.0.1920.1080" width="1838" height="167" />
    <size key="GridCell.Tab.1.center.0.0.1920.1080" width="1838" height="167" />
    <size key="GridCell.Tab.1.right.0.0.1920.1080" width="1838" height="167" />
    <size key="GridCell.Tab.1.bottom.0.0.1920.1080" width="1838" height="167" />
    <size key="GridCell.Tab.0.left.1920.0.1920.1080" width="1838" height="167" />
    <size key="GridCell.Tab.0.center.1920.0.1920.1080" width="1838" height="167" />
    <size key="GridCell.Tab.0.right.1920.0.1920.1080" width="1838" height="167" />
    <size key="GridCell.Tab.0.bottom.1920.0.1920.1080" width="1838" height="167" />
    <size key="GridCell.Tab.0.left.0.0.2560.1440" width="2478" height="432" />
    <size key="GridCell.Tab.0.center.0.0.2560.1440" width="2478" height="432" />
    <size key="GridCell.Tab.0.right.0.0.2560.1440" width="2478" height="432" />
    <size key="GridCell.Tab.0.bottom.0.0.2560.1440" width="2478" height="432" />
    <size key="find.popup.0.0.2560.1440" width="672" height="556" />
    <size key="GridCell.Tab.1.left.0.0.2560.1440" width="2478" height="409" />
    <size key="GridCell.Tab.1.center.0.0.2560.1440" width="2478" height="409" />
    <size key="GridCell.Tab.1.right.0.0.2560.1440" width="2478" height="409" />
    <size key="GridCell.Tab.1.bottom.0.0.2560.1440" width="2478" height="409" />
  </component>
  <component name="WindowManager">
    <frame x="1386" y="-131" width="1706" height="960" extendedState="6" />
  </component>
  <component name="WindowStateApplicationService">
    <state x="975" y="321" width="623" height="484" key="FileChooserDialogImpl" timestamp="1725032533613">
      <screen x="0" y="0" width="2560" height="1440" />
    </state>
    <state x="975" y="321" width="623" height="484" key="FileChooserDialogImpl/0.0.2560.1440/2560.0.2560.1440" timestamp="1725032533613" />
    <state width="412" height="154" key="ShowUsagesActions.dimensionServiceKey" timestamp="1727727866341">
      <screen x="0" y="0" width="2560" height="1440" />
    </state>
    <state width="412" height="154" key="ShowUsagesActions.dimensionServiceKey/0.0.2560.1440/2560.0.2560.1440" timestamp="1727727866341" />
    <state x="1275" y="599" width="1138" height="871" key="WELCOME_SCREEN" timestamp="1728404225617">
      <screen x="0" y="0" width="2560" height="1440" />
    </state>
    <state x="1275" y="599" width="1138" height="871" key="WELCOME_SCREEN/0.0.2560.1440/2560.0.2560.1440" timestamp="1728404225617" />
  </component>
</application>