<profile version="1.0">
  <option name="myName" value="Default" />
  <inspection_tool class="PyPackageRequirementsInspection" enabled="true" level="WARNING" enabled_by_default="true">
    <option name="ignoredPackages">
      <value>
        <list size="5">
          <item index="0" class="java.lang.String" itemvalue="pick" />
          <item index="1" class="java.lang.String" itemvalue="certifi" />
          <item index="2" class="java.lang.String" itemvalue="requests" />
          <item index="3" class="java.lang.String" itemvalue="urllib3" />
          <item index="4" class="java.lang.String" itemvalue="idna" />
        </list>
      </value>
    </option>
  </inspection_tool>
  <inspection_tool class="PyPep8Inspection" enabled="true" level="WEAK WARNING" enabled_by_default="true">
    <option name="ignoredErrors">
      <list>
        <option value="E128" />
        <option value="E101" />
        <option value="E201" />
        <option value="E202" />
        <option value="E131" />
      </list>
    </option>
  </inspection_tool>
</profile>