<keymap version="1" name="Eclipse copy 1" parent="Eclipse">
  <action id="ActivateTerminalToolWindow">
    <keyboard-shortcut first-keystroke="ctrl back_quote" />
  </action>
  <action id="EditorDuplicateLines">
    <keyboard-shortcut first-keystroke="ctrl alt down" />
    <keyboard-shortcut first-keystroke="shift alt down" />
  </action>
  <action id="EditorSelectWord" />
  <action id="EditorUnSelectWord" />
  <action id="GuiDesigner.Duplicate" />
  <action id="GuiDesigner.ShrinkSelection" />
  <action id="QuickChangeScheme" />
  <action id="ReplaceInPath">
    <keyboard-shortcut first-keystroke="shift ctrl h" />
  </action>
  <action id="RunDashboard.CopyConfiguration" />
  <action id="SmartSelect" />
  <action id="SmartUnSelect" />
  <action id="ToggleInlineHintsAction">
    <keyboard-shortcut first-keystroke="alt semicolon" />
  </action>
  <action id="XDebugger.CopyWatch" />
</keymap>