<application>
  <component name="ParameterNameHintsSettings">
    <option id="python.show.hints.for.non-literal.arguments" value="true" />
    <option id="java.multiple.params.same.type" value="true" />
    <option id="js.param.hints.show.names.for.all.args" value="true" />
    <option id="java.clear.expression.type" value="true" />
    <option id="js.only.show.names.for.all.args" value="true" />
    <option id="java.method.name.contains.parameter.name" value="true" />
  </component>
</application>