<application>
  <component name="SonarLintGlobalSettings">
    <option name="rulesByKey">
      <map>
        <entry key="java:S106">
          <value>
            <Rule active="false" key="java:S106" />
          </value>
        </entry>
        <entry key="java:S125">
          <value>
            <Rule active="false" key="java:S125" />
          </value>
        </entry>
        <entry key="javascript:S125">
          <value>
            <Rule active="false" key="javascript:S125" />
          </value>
        </entry>
        <entry key="xml:S125">
          <value>
            <Rule active="false" key="xml:S125" />
          </value>
        </entry>
      </map>
    </option>
    <option name="secretsNeverBeenAnalysed" value="false" />
    <rules>
      <Rule active="false" key="java:S106" />
      <Rule active="false" key="xml:S125" />
      <Rule active="false" key="java:S125" />
      <Rule active="false" key="javascript:S125" />
    </rules>
  </component>
</application>